{
  "eligible_events": 19675,
  "sessions": 41,
  "archive_subject_ids": 21,
  "cortical_layer": "4",
  "phase_protraction_events": 15892,
  "phase_retraction_events": 3783,
  "main_history_results": [
    {
      "analysis": "post_only",
      "response_window_ms": 50,
      "baseline_window_ms": null,
      "minimum_previous_interval_ms": 0,
      "n_selected_events": 13692,
      "n_sessions": 36,
      "n_subjects": 20,
      "median_beta": 0.008345210175632174,
      "mean_beta": 0.03478407262747738,
      "n_positive": 10,
      "p_two_sided": 0.36827659606933594,
      "ci_low": -0.016904114127342183,
      "ci_high": 0.08205352221032249,
      "q_within_analysis": 0.5754321813583374
    },
    {
      "analysis": "baseline_subtracted_rate",
      "response_window_ms": 50,
      "baseline_window_ms": 50.0,
      "minimum_previous_interval_ms": 0,
      "n_selected_events": 13692,
      "n_sessions": 36,
      "n_subjects": 20,
      "median_beta": 0.1321626962752882,
      "mean_beta": 0.1200403154361672,
      "n_positive": 16,
      "p_two_sided": 0.0019855499267578125,
      "ci_low": 0.036907511252209785,
      "ci_high": 0.19657412145367462,
      "q_within_analysis": 0.016580928455699574
    },
    {
      "analysis": "baseline_subtracted_rate",
      "response_window_ms": 50,
      "baseline_window_ms": 50.0,
      "minimum_previous_interval_ms": 100,
      "n_selected_events": 6611,
      "n_sessions": 29,
      "n_subjects": 19,
      "median_beta": -0.016880294288731057,
      "mean_beta": 0.007699430080922355,
      "n_positive": 9,
      "p_two_sided": 1.0,
      "ci_low": -0.06804514748285222,
      "ci_high": 0.07155007766538946,
      "q_within_analysis": 1.0
    }
  ],
  "main_phase_results": [
    {
      "response_window_ms": 50,
      "minimum_neighbor_ms": 50,
      "endpoint": "count",
      "base_model": "context",
      "phase_basis": "two_harmonics",
      "regularization_strength": 1.0,
      "n_selected_events": 12773,
      "n_sessions": 35,
      "n_subjects": 20,
      "n_modeled_events": 12296,
      "median_delta_predictive_score": 0.01523287829148684,
      "mean_delta_predictive_score": 0.03393180874903194,
      "n_positive": 15,
      "n_nonzero": 20,
      "p_two_sided": 0.0003948211669921875,
      "p_sign_two_sided": 0.04138946533203125,
      "ci_low": 0.006671206090499482,
      "ci_high": 0.03936929832019853,
      "q_primary": 0.00157928466796875,
      "q_sign_primary": 0.0827789306640625
    },
    {
      "response_window_ms": 50,
      "minimum_neighbor_ms": 50,
      "endpoint": "count",
      "base_model": "continuous_kinematics",
      "phase_basis": "two_harmonics",
      "regularization_strength": 1.0,
      "n_selected_events": 12773,
      "n_sessions": 35,
      "n_subjects": 20,
      "n_modeled_events": 12296,
      "median_delta_predictive_score": 0.008415940023145163,
      "mean_delta_predictive_score": 0.016722216893263114,
      "n_positive": 15,
      "n_nonzero": 20,
      "p_two_sided": 0.0019855499267578125,
      "p_sign_two_sided": 0.04138946533203125,
      "ci_low": 0.0021393472664958946,
      "ci_high": 0.025959805888270432,
      "q_primary": 0.003971099853515625,
      "q_sign_primary": 0.0827789306640625
    },
    {
      "response_window_ms": 50,
      "minimum_neighbor_ms": 50,
      "endpoint": "any_spike",
      "base_model": "context",
      "phase_basis": "two_harmonics",
      "regularization_strength": 1.0,
      "n_selected_events": 12773,
      "n_sessions": 35,
      "n_subjects": 20,
      "n_modeled_events": 12296,
      "median_delta_predictive_score": 0.010269725995430246,
      "mean_delta_predictive_score": 0.03742280290985331,
      "n_positive": 12,
      "n_nonzero": 20,
      "p_two_sided": 0.13272666931152344,
      "p_sign_two_sided": 0.5034446716308594,
      "ci_low": -0.0023207576899332283,
      "ci_high": 0.05362529821099454,
      "q_primary": 0.1769688924153646,
      "q_sign_primary": 0.5034446716308594
    },
    {
      "response_window_ms": 50,
      "minimum_neighbor_ms": 50,
      "endpoint": "any_spike",
      "base_model": "continuous_kinematics",
      "phase_basis": "two_harmonics",
      "regularization_strength": 1.0,
      "n_selected_events": 12773,
      "n_sessions": 35,
      "n_subjects": 20,
      "n_modeled_events": 12296,
      "median_delta_predictive_score": 0.009711663105966495,
      "mean_delta_predictive_score": 0.008209708921206312,
      "n_positive": 12,
      "n_nonzero": 20,
      "p_two_sided": 0.34881019592285156,
      "p_sign_two_sided": 0.5034446716308594,
      "ci_low": -0.012832992145659028,
      "ci_high": 0.038977042660017,
      "q_primary": 0.34881019592285156,
      "q_sign_primary": 0.5034446716308594
    }
  ],
  "kinematic_results": [
    {
      "feature": "distance_to_pole_at_touch",
      "n_subjects": 20,
      "n_sessions": 34,
      "n_complete_events": 10370,
      "median_beta": -0.007010682165656115,
      "mean_beta": 0.0009642336297984866,
      "n_positive": 10,
      "p_two_sided": 0.7011814117431641,
      "ci_low": -0.04330662180728584,
      "ci_high": 0.024746479505474497,
      "q": 0.8013501848493304
    },
    {
      "feature": "log_abs_curvature",
      "n_subjects": 20,
      "n_sessions": 34,
      "n_complete_events": 10370,
      "median_beta": 0.029021827285725717,
      "mean_beta": 0.04648366583726198,
      "n_positive": 10,
      "p_two_sided": 0.21616744995117188,
      "ci_low": -0.04104447645187168,
      "ci_high": 0.12715047467613294,
      "q": 0.43233489990234375
    },
    {
      "feature": "log_amplitude",
      "n_subjects": 20,
      "n_sessions": 34,
      "n_complete_events": 10370,
      "median_beta": 0.0792401704168045,
      "mean_beta": 0.06247133565076659,
      "n_positive": 13,
      "p_two_sided": 0.021484375,
      "ci_low": -0.01189174569282913,
      "ci_high": 0.10718571240793784,
      "q": 0.14493560791015625
    },
    {
      "feature": "log_touch_duration",
      "n_subjects": 20,
      "n_sessions": 34,
      "n_complete_events": 10370,
      "median_beta": 0.03541594794687681,
      "mean_beta": 0.030680196056467535,
      "n_positive": 12,
      "p_two_sided": 0.3299827575683594,
      "ci_low": -0.04161435900067282,
      "ci_high": 0.09446944599677251,
      "q": 0.4399770100911458
    },
    {
      "feature": "signed_log_curvature",
      "n_subjects": 20,
      "n_sessions": 34,
      "n_complete_events": 10370,
      "median_beta": 0.03770692152418507,
      "mean_beta": 0.02814379892039388,
      "n_positive": 12,
      "p_two_sided": 0.2942523956298828,
      "ci_low": -0.01430646699560455,
      "ci_high": 0.07768181531539034,
      "q": 0.4399770100911458
    },
    {
      "feature": "signed_log_pretouch_acceleration",
      "n_subjects": 20,
      "n_sessions": 34,
      "n_complete_events": 10370,
      "median_beta": 0.020894175784840076,
      "mean_beta": 0.03207155160285424,
      "n_positive": 14,
      "p_two_sided": 0.03623390197753906,
      "ci_low": -0.0022926279868201536,
      "ci_high": 0.04876543750101517,
      "q": 0.14493560791015625
    },
    {
      "feature": "signed_log_pretouch_velocity",
      "n_subjects": 20,
      "n_sessions": 34,
      "n_complete_events": 10370,
      "median_beta": 0.03911538236948804,
      "mean_beta": 0.029189997422748297,
      "n_positive": 13,
      "p_two_sided": 0.1893482208251953,
      "ci_low": -0.003108485688378645,
      "ci_high": 0.10703729223968016,
      "q": 0.43233489990234375
    },
    {
      "feature": "theta_at_touch_deg",
      "n_subjects": 20,
      "n_sessions": 34,
      "n_complete_events": 10370,
      "median_beta": -0.06723194515237066,
      "mean_beta": 0.05099632361656229,
      "n_positive": 7,
      "p_two_sided": 0.9272785186767578,
      "ci_low": -0.17902100897193834,
      "ci_high": 0.13800691005889135,
      "q": 0.9272785186767578
    }
  ],
  "phase_branch_results": [
    {
      "measure": "raw_spikes_per_touch",