{
  "eligible_events": 19675,
  "sessions": 41,
  "archive_subject_ids": 21,
  "cortical_layer": "4",
  "phase_protraction_events": 15892,
  "phase_retraction_events": 3783,
  "main_history_results": [
    {
      "analysis": "post_only",
      "response_window_ms": 50,
      "baseline_window_ms": null,
      "minimum_previous_interval_ms": 0,
      "n_selected_events": 13692,
      "n_sessions": 36,
      "n_subjects": 20,
      "median_beta": 0.008345210175632174,
      "mean_beta": 0.03478407262747738,
      "n_positive": 10,
      "p_two_sided": 0.36827659606933594,
      "ci_low": -0.016904114127342183,
      "ci_high": 0.08205352221032249,
      "q_within_analysis": 0.5754321813583374
    },
    {
      "analysis": "baseline_subtracted_rate",
      "response_window_ms": 50,
      "baseline_window_ms": 50.0,
      "minimum_previous_interval_ms": 0,
      "n_selected_events": 13692,
      "n_sessions": 36,
      "n_subjects": 20,
      "median_beta": 0.1321626962752882,
      "mean_beta": 0.1200403154361672,
      "n_positive": 16,
      "p_two_sided": 0.0019855499267578125,
      "ci_low": 0.036907511252209785,
      "ci_high": 0.19657412145367462,
      "q_within_analysis": 0.016580928455699574
    },
    {
      "analysis": "baseline_subtracted_rate",
      "response_window_ms": 50,
      "baseline_window_ms": 50.0,
      "minimum_previous_interval_ms": 100,
      "n_selected_events": 6611,
      "n_sessions": 29,
      "n_subjects": 19,
      "median_beta": -0.016880294288731057,
      "mean_beta": 0.007699430080922355,
      "n_positive": 9,
      "p_two_sided": 1.0,
      "ci_low": -0.06804514748285222,
      "ci_high": 0.07155007766538946,
      "q_within_analysis": 1.0
    }
  ],
  "main_phase_results": [
    {
      "response_window_ms": 50,
      "minimum_neighbor_ms": 50,
      "endpoint": "count",
      "base_model": "context",
      "phase_basis": "two_harmonics",
      "regularization_strength": 1.0,
      "n_selected_events": 12773,
      "n_sessions": 35,
      "n_subjects": 20,
      "n_modeled_events": 12296,
      "median_delta_predictive_score": 0.01523287829148684,
      "mean_delta_predictive_score": 0.03393180874903194,
      "n_positive": 15,
      "n_nonzero": 20,
      "p_two_sided": 0.0003948211669921875,
      "p_sign_two_sided": 0.04138946533203125,
      "ci_low": 0.006671206090499482,
      "ci_high": 0.03936929832019853,
      "q_primary": 0.00157928466796875,
      "q_sign_primary": 0.0827789306640625
    },
    {
      "response_window_ms": 50,
      "minimum_neighbor_ms": 50,
      "endpoint": "count",
      "base_model": "continuous_kinematics",
      "phase_basis": "two_harmonics",
      "regularization_strength": 1.0,
      "n_selected_events": 12773,
      "n_sessions": 35,
      "n_subjects": 20,
      "n_modeled_events": 12296,
      "median_delta_predictive_score": 0.008415940023145163,
      "mean_delta_predictive_score": 0.016722216893263114,
      "n_positive": 15,
      "n_nonzero": 20,
      "p_two_sided": 0.0019855499267578125,
      "p_sign_two_sided": 0.04138946533203125,
      "ci_low": 0.0021393472664958946,
      "ci_high": 0.025959805888270432,
      "q_primary": 0.003971099853515625,
      "q_sign_primary": 0.0827789306640625
    },
    {
      "response_window_ms": 50,
      "minimum_neighbor_ms": 50,
      "endpoint": "any_spike",
      "base_model": "context",
      "phase_basis": "two_harmonics",
      "regularization_strength": 1.0,
      "n_selected_events": 12773,
      "n_sessions": 35,
      "n_subjects": 20,
      "n_modeled_events": 12296,
      "median_delta_predictive_score": 0.010269725995430246,
      "mean_delta_predictive_score": 0.03742280290985331,
      "n_positive": 12,
      "n_nonzero": 20,
      "p_two_sided": 0.13272666931152344,
      "p_sign_two_sided": 0.5034446716308594,
      "ci_low": -0.0023207576899332283,
      "ci_high": 0.05362529821099454,
      "q_primary": 0.1769688924153646,
      "q_sign_primary": 0.5034446716308594
    },
    {
      "response_window_ms": 50,
      "minimum_neighbor_ms": 50,
      "endpoint": "any_spike",
      "base_model": "continuous_kinematics",
      "phase_basis": "two_harmonics",
      "regularization_strength": 1.0,
      "n_selected_events": 12773,
      "n_sessions": 35,
      "n_subjects": 20,
      "n_modeled_events": 12296,
      "median_delta_predictive_score": 0.009711663105966495,
      "mean_delta_predictive_score": 0.008209708921206312,
      "n_positive": 12,
      "n_nonzero": 20,
      "p_two_sided": 0.34881019592285156,
      "p_sign_two_sided": 0.5034446716308594,
      "ci_low": -0.012832992145659028,
      "ci_high": 0.038977042660017,
      "q_primary": 0.34881019592285156,
      "q_sign_primary": 0.5034446716308594
    }
  ],
  "amplitude_phase_interaction": {
    "analysis": "continuous_amplitude_by_phase_interaction",
    "response_window_ms": 50,
    "minimum_neighbor_ms": 50,
    "regularization_strength": 1.0,
    "n_selected_events": 12773,
    "n_sessions": 35,
    "n_subjects": 20,
    "n_modeled_events": 12296,
    "median_delta_predictive_score": 0.0025200494102341486,
    "mean_delta_predictive_score": 0.009839701537089542,
    "n_positive": 14,
    "n_nonzero": 20,
    "p_two_sided": 0.029575347900390625,
    "p_sign_two_sided": 0.11531829833984375,
    "ci_low": -0.00017424507033744763,
    "ci_high": 0.015030953691300197
  },
  "kinematic_results": [
    {
      "feature": "distance_to_pole_at_touch",
      "n_subjects": 20,
      "n_sessions": 34,
      "n_complete_events": 10372,
      "median_beta": -0.004678293856609379,
      "mean_beta": 0.0035531857474811954,
      "n_positive": 10,
      "p_two_sided": 0.9272785186767578,
      "ci_low": -0.03484966196495531,
      "ci_high": 0.025600623578185586,
      "q": 0.956329345703125
    },
    {
      "feature": "log_abs_curvature",
      "n_subjects": 20,
      "n_sessions": 34,
      "n_complete_events": 10372,
      "median_beta": 0.030398508402753453,
      "mean_beta": 0.03676472352749573,
      "n_positive": 10,
      "p_two_sided": 0.24548721313476562,
      "ci_low": -0.04744561877384594,
      "ci_high": 0.12715047467613294,
      "q": 0.392779541015625
    },
    {
      "feature": "log_amplitude",
      "n_subjects": 20,
      "n_sessions": 34,
      "n_complete_events": 10372,
      "median_beta": 0.0855532549995199,
      "mean_beta": 0.06889916841724128,
      "n_positive": 14,
      "p_two_sided": 0.012079238891601562,
      "ci_low": 0.009291141630808568,
      "ci_high": 0.11271080939981068,
      "q": 0.0966339111328125
    },
    {
      "feature": "log_touch_duration",
      "n_subjects": 20,
      "n_sessions": 34,
      "n_complete_events": 10372,
      "median_beta": 0.045971002856527124,
      "mean_beta": 0.05165800432191238,
      "n_positive": 14,
      "p_two_sided": 0.082550048828125,
      "ci_low": -0.0124601280342385,
      "ci_high": 0.11296563514586072,
      "q": 0.22013346354166666
    },
    {
      "feature": "signed_log_curvature",
      "n_subjects": 20,
      "n_sessions": 34,
      "n_complete_events": 10372,
      "median_beta": 0.03519055391135998,
      "mean_beta": 0.028581780708218613,
      "n_positive": 12,
      "p_two_sided": 0.3117942810058594,
      "ci_low": -0.015114522498600695,
      "ci_high": 0.08777173148066186,
      "q": 0.4157257080078125
    },
    {
      "feature": "signed_log_pretouch_acceleration",
      "n_subjects": 20,
      "n_sessions": 34,
      "n_complete_events": 10372,
      "median_beta": 0.02243644562476095,
      "mean_beta": 0.03215757210412657,
      "n_positive": 14,
      "p_two_sided": 0.03623390197753906,
      "ci_low": -6.775189341903847e-05,
      "ci_high": 0.04876543750101517,
      "q": 0.14493560791015625
    },
    {
      "feature": "signed_log_pretouch_velocity",
      "n_subjects": 20,
      "n_sessions": 34,
      "n_complete_events": 10372,
      "median_beta": 0.04094329520910468,
      "mean_beta": 0.03357025649959466,