feature,n_subjects,n_sessions,n_complete_events,median_beta,mean_beta,n_positive,p_two_sided,ci_low,ci_high,q
distance_to_pole_at_touch,20,34,10387,-0.004678293856609379,0.0026777451561327405,10,0.8123550415039062,-0.035237768024833055,0.025600623578185586,0.8694877624511719
log_abs_curvature,20,34,10387,0.030249016308258117,0.03633299285049421,10,0.26109886169433594,-0.04744561877384594,0.12570124136541294,0.4177581787109375
log_amplitude,20,34,10387,0.08431922469014916,0.07092450430634518,14,0.006389617919921875,0.009488154614818441,0.11271080939981068,0.051116943359375
log_touch_duration,20,34,10387,0.02498400296968615,0.038603185481219646,13,0.21616744995117188,-0.03784890405935058,0.09689144609140651,0.4177581787109375
signed_log_curvature,20,34,10387,0.030847900965819526,0.024835216500584286,11,0.4523754119873047,-0.0335735763826055,0.08777173148066186,0.6031672159830729
signed_log_pretouch_acceleration,20,34,10387,0.022353239542010375,0.033333867933295666,14,0.029575347900390625,-0.002194737236909476,0.05611960215161366,0.1183013916015625
signed_log_pretouch_velocity,20,34,10387,0.04094329520910468,0.029421644857100616,13,0.21616744995117188,-0.013297101254266284,0.11172132506943985,0.4177581787109375
theta_at_touch_deg,20,34,10387,-0.10368701546456884,0.040091757253672936,6,0.8694877624511719,-0.20081201757493877,0.1181518273361186,0.8694877624511719
