feature,n_subjects,n_sessions,n_complete_events,median_beta,mean_beta,n_positive,p_two_sided,ci_low,ci_high,q
distance_to_pole_at_touch,20,34,10370,-0.007010682165656115,0.0009642336297984866,10,0.7011814117431641,-0.04330662180728584,0.024746479505474497,0.8013501848493304
log_abs_curvature,20,34,10370,0.029021827285725717,0.04648366583726198,10,0.21616744995117188,-0.04104447645187168,0.12715047467613294,0.43233489990234375
log_amplitude,20,34,10370,0.0792401704168045,0.06247133565076659,13,0.021484375,-0.01189174569282913,0.10718571240793784,0.14493560791015625
log_touch_duration,20,34,10370,0.03541594794687681,0.030680196056467535,12,0.3299827575683594,-0.04161435900067282,0.09446944599677251,0.4399770100911458
signed_log_curvature,20,34,10370,0.03770692152418507,0.02814379892039388,12,0.2942523956298828,-0.01430646699560455,0.07768181531539034,0.4399770100911458
signed_log_pretouch_acceleration,20,34,10370,0.020894175784840076,0.03207155160285424,14,0.03623390197753906,-0.0022926279868201536,0.04876543750101517,0.14493560791015625
signed_log_pretouch_velocity,20,34,10370,0.03911538236948804,0.029189997422748297,13,0.1893482208251953,-0.003108485688378645,0.10703729223968016,0.43233489990234375
theta_at_touch_deg,20,34,10370,-0.06723194515237066,0.05099632361656229,7,0.9272785186767578,-0.17902100897193834,0.13800691005889135,0.9272785186767578
