analysis,n_pairings,n_groups_min,n_groups_max,median_min,median_max,q_wilcoxon_min,q_wilcoxon_max,q_sign_min,q_sign_max
"Phase count, context",210,19,20,0.0146381615421686,0.0158275950408049,0.0006561279296875,0.0031585693359375,0.038421630859375,0.12713623046875
"Phase count, measured kinematics",210,19,20,0.0079079365151952,0.008923943531095,0.00157928466796875,0.00783538818359375,0.038421630859375,0.12713623046875
"Post-touch count, 50 ms",210,19,20,-0.0013600714079572,0.0180504917592215,0.3497417156512921,0.8349418640136719,,
"Baseline-subtracted rate, dense",210,19,20,0.1247318855808731,0.1395935069697032,0.008042653401692709,0.03197409889914773,,
"Baseline-subtracted rate, 100 ms",210,18,19,-0.0231802027624686,0.0038980251143132492,0.7018814086914062,1.0,,
